ID,0,1,2,3,4,5,6,7,8,9,10,11,12,13,14,15
0,0.09142022449313879,0.1816336374308975,0.20862772189674833,0.10686069023460255,0.037817427422799144,0.016363600650094602,0.08196937434883525,0.06422119795088213,0.00815836756207013,0.043840950031363804,0.0029766612703152635,0.11525480600078089,0.022365402391747814,0.01847269598582188,0.0,0.0
1,0.0002195255023201267,0.021507782511507825,0.23964146843616121,0.0414314084687756,0.02425174258844073,0.31473613960637625,0.00026175179992590856,0.20220209665136046,0.06611755149550064,0.04674286790471638,0.042887217079209054,0.0,0.0,0.0,0.0,0.0
2,0.18263294843729966,0.0519550156125426,0.7251589544191392,0.024805677719038747,0.01385287843120417,0.0,0.0,0.0,0.0,0.0,0.0,0.0,0.0,0.0,0.0,0.0
3,0.0009308499928550368,0.36431585068440786,0.06588558757617405,0.017583584888972725,0.305218965488893,0.0519097729204547,0.1928972722430652,0.0,0.0,0.0,0.0,0.0,0.0,0.0,0.0,0.0
4,0.431871134104003,0.029870772158509844,0.4103976883785618,0.1106010610610629,0.0,0.0,0.0,0.0,0.0,0.0,0.0,0.0,0.0,0.0,0.0,0.0
5,0.2376031979177875,0.0825884331185234,0.053444772011005386,0.41672584189864537,0.0,0.0,0.0,0.0,0.0,0.0,0.0,0.0,0.0,0.0,0.0,0.0
6,0.04828281330558954,0.0014710598199513436,0.023609306373545892,0.019075297422718913,0.028405042728322352,0.010846974131833664,0.02496452117800976,0.05215636586272488,0.062341934235113305,0.1732897130370425,0.31736546810530086,0.044235100618604875,0.020971625886084578,0.1729839281590901,0.0,0.0
7,0.18595174283858754,0.1625682786338337,0.2836880368905836,0.04653294387340009,0.1581899759982802,0.11888284283537259,0.04413242703223893,0.0,0.0,0.0,0.0,0.0,0.0,0.0,0.0,0.0
8,0.03289344845005186,0.09980986184825498,0.09628282370832357,0.05473591923428147,0.012320685991285218,0.07002475126813586,0.08976424921542289,0.07814408928770451,0.10703305259529211,0.015019356134154848,0.1304866752034684,0.08337726603865923,0.003285645770798525,0.06627777395733572,0.05092627981067372,0.009618121449832547
9,0.10475095872411,5.623963470671922e-06,0.2747037151691193,0.10401114900063892,0.08830609228519293,0.11310869618304406,0.1496219739337735,0.16549023377915004,0.0,0.0,0.0,0.0,0.0,0.0,0.0,0.0
10,0.0014735382403270735,0.29319810894835374,0.035290846226396,0.0574725008611951,0.007127658718058139,0.07666602091822314,0.1649205742140657,0.06050357271013393,0.05585969427612638,0.021990285926654918,0.04984900254381923,0.17564819601041934,0.0,0.0,0.0,0.0
11,0.03507987593931497,0.04363033113826152,0.06894896654171218,0.0980309392683032,0.02273357800981051,0.13253939961184086,0.15563159376220678,0.09275651676443966,0.03189498624122771,0.11208806659560006,0.06683653616652328,0.031650559345002716,0.00865324087046635,0.09920701153335515,0.0,0.0
12,0.011942649996755993,0.10486365899689823,0.016341711244500894,0.1404715441984087,0.23367872961154773,0.045980913717649854,0.07268779584331089,0.027506621846603622,0.007718426968515303,0.16748596443633607,0.02282286483497071,0.049831549511924,0.08396833383028118,0.014667388291764005,0.0,0.0
13,0.20922959518883522,0.17924243963023576,0.006006320683429971,0.16942337330957147,0.0026010530043254934,0.08466061345061364,0.20891758479057776,0.026755379573268824,0.11308148181817759,0.0,0.0,0.0,0.0,0.0,0.0,0.0
14,0.08955071736280593,0.021417187403408037,0.018142408087779723,0.3864489506743682,0.009016568849572222,0.06323091588512193,0.03778534564955626,0.3741532629099171,0.0,0.0,0.0,0.0,0.0,0.0,0.0,0.0
15,0.018125350108908832,0.0680875707349086,0.03417465555152077,0.002019937102884989,0.3516895341220159,0.042274980374048574,0.07878705940729254,0.07590046863780422,0.11950085052863356,0.2093658749157587,0.0,0.0,0.0,0.0,0.0,0.0
16,0.028480038093234416,0.03606353812925346,0.04569607874779014,0.026134665076543776,0.2623493582714286,0.24003843604642144,0.13688041634440154,0.017425889720729382,0.007479720928644293,0.11831944653105306,0.08113026803312365,0.0,0.0,0.0,0.0,0.0
17,0.3429463041451606,0.44998275763883633,0.00482289833016669,0.0,0.0,0.0,0.0,0.0,0.0,0.0,0.0,0.0,0.0,0.0,0.0,0.0
18,0.1150668550739841,0.0025739291997366595,0.05033901945996197,0.10994070144159968,0.10360711809088462,0.016827524068560404,0.11105693367224123,0.14389155447094276,0.0915510003139878,0.19513570393260565,0.059964369436206214,0.0,0.0,0.0,0.0,0.0
19,0.5490231538425874,0.0,0.0,0.0,0.0,0.0,0.0,0.0,0.0,0.0,0.0,0.0,0.0,0.0,0.0,0.0
20,0.01671085831366525,0.03690904909518987,0.22632458128827715,0.05349156792316157,0.19112658288254727,0.001451745525020872,0.08784942129958868,0.10811023431959772,0.004626052238061621,0.01828312727778408,0.057766516381572264,0.0577838780560593,0.10536689699310735,0.01601947428158058,0.01818001391207226,0.0
21,0.45267906020199233,0.1750147395310482,0.3563343800136928,0.0,0.0,0.0,0.0,0.0,0.0,0.0,0.0,0.0,0.0,0.0,0.0,0.0
22,0.43883137280306284,0.005957790287293338,0.08343792852241136,0.029201716120981654,0.0013299447314943696,0.12834882559461736,0.3128727139061228,0.0,0.0,0.0,0.0,0.0,0.0,0.0,0.0,0.0
23,0.5033385931353445,0.0,0.0,0.0,0.0,0.0,0.0,0.0,0.0,0.0,0.0,0.0,0.0,0.0,0.0,0.0
24,0.17152861684224513,0.3008543687791355,0.4350089719025352,0.08622050115319535,0.0,0.0,0.0,0.0,0.0,0.0,0.0,0.0,0.0,0.0,0.0,0.0
25,0.04015792117259744,0.034545859923972834,0.012530947747492277,0.18740103088575844,0.00044137345038917214,0.06017781341494651,0.16098633691472283,0.04836231321735151,0.10126980583746574,0.05290109310528929,0.03324412906401902,0.008621552031721906,0.003345102768551308,0.1685604665305293,0.010831117564778952,0.07662304255703115
26,0.08368710097212013,0.0837759243388374,0.01708336523112534,0.017658667891502312,0.04590498115329044,0.11857253025817635,0.04750635219811199,0.06355919806964405,0.08446421097988278,0.04936345193999975,0.1366906177677997,0.10267076122804994,0.09607470866476245,0.05298802562829392,0.0,0.0
27,0.002646881002322341,0.029366077070073465,0.07811400391494341,0.0008058269221648588,0.11026127508416964,0.0323387013856438,0.05259262145559361,0.10677563566365514,0.2251845767974572,0.1929997718901461,0.12762259730121914,0.011157513213969312,0.030132810995550003,0.0,0.0,0.0
28,0.0006698012804970271,0.12610491066219023,0.08656192165206142,0.030887729948831176,0.13327068551033763,0.03486002224783588,0.03880143704058392,0.013558624918756606,0.00418746458329384,0.09627596139184809,0.028345233140507242,0.09504462413831104,0.012406686651882212,0.17344404513635533,0.05401438670112855,0.07156645929520088
29,0.018310650874282835,0.003756155488308047,0.18277039048263038,0.051311765689869906,0.019566724425648947,0.11621417351445834,0.027316763018569484,0.0048189301960648795,0.08564053183968089,0.10049264601161616,0.061166736876728925,0.07697787427523804,0.01769451120059327,0.015813156091321456,0.20757649532313815,0.010572057128550517
30,0.09421332658461937,0.001428626049730241,0.0001879738680180539,0.0982066908927445,0.06199204342239319,0.10699881033157876,0.010688869498880111,0.10505856219596452,0.10267133512601309,0.13176691444681812,0.036965363177150726,0.02131202521128759,0.09992456625094814,0.1137327501578928,0.01484054828615415,0.0
31,0.2527646071959918,0.18185089558044204,0.212270423903962,0.03562535289448488,0.10401631783057741,0.11878141610405697,0.09407309143691336,0.0,0.0,0.0,0.0,0.0,0.0,0.0,0.0,0.0
32,0.0053539656772978025,0.16341123487572604,0.07192988256795514,0.005685248147794289,0.021363335489871946,0.06982959141399533,0.056898753557324364,0.05759056759144152,0.00214254153221698,0.430926383531124,0.11485588711052813,0.0,0.0,0.0,0.0,0.0
33,0.09034944538654545,0.02509345847352456,0.07272832978971618,0.01745434502363767,0.1834102486251793,0.11180713585251031,0.0206571274237865,0.1766187456479554,0.05285491390301022,0.10620976583951335,0.006028618499782935,0.008202637877415604,0.1197783621885527,0.008586669546487466,0.0,0.0
34,0.01637302332114953,0.037115677758125284,0.0068173211218712695,0.22445881116261618,0.047220464269421294,0.03033653919640678,0.16280678354880118,0.20839238936094065,0.023862698384374104,0.007552323238662855,0.00020472087111598775,0.1534683608261636,0.08139081602859694,0.0,0.0,0.0
35,0.20314310129471427,0.04077640126142341,0.23942144729001996,0.4598253299082188,0.0,0.0,0.0,0.0,0.0,0.0,0.0,0.0,0.0,0.0,0.0,0.0
36,0.30232254954069976,0.16939330650032736,0.20723679950136475,0.046791914515830785,0.160068524167734,0.11416786839428626,0.0,0.0,0.0,0.0,0.0,0.0,0.0,0.0,0.0,0.0
37,0.4332029766059598,0.11098749408199408,0.09579568769095298,0.15156450254231876,0.18623366399231606,0.0,0.0,0.0,0.0,0.0,0.0,0.0,0.0,0.0,0.0,0.0
38,0.00556259962147129,0.011701875956292669,0.01783154000591105,0.0008636190502666268,0.06301779878504375,0.262991062013139,0.010668465055152919,0.08897205560681214,0.05268186782349778,0.030781279788871033,0.031662749234111255,0.024542719357269448,0.01841852620614463,0.1827927992419468,0.027372265518130257,0.17013862252134346
39,0.027337860073134178,0.07207670027969722,0.1368144598511728,0.04244434153406383,0.20969134985997334,0.006320781590786584,0.03590283398649943,0.08196739875652347,0.04836356794086777,0.01651073219371736,0.026003982354147956,0.10218086220571357,0.1943850696850578,0.0,0.0,0.0
40,0.7799212845505741,0.020857005811691136,0.0,0.0,0.0,0.0,0.0,0.0,0.0,0.0,0.0,0.0,0.0,0.0,0.0,0.0
41,0.3549107188356938,0.2810864600542031,0.09659021917255532,0.05560451096528697,0.10640075191847921,0.023852318209242517,0.07599030940082074,0.0010333669660777293,0.0,0.0,0.0,0.0,0.0,0.0,0.0,0.0
42,0.027152673307308223,0.07817028448546195,0.020849671175423065,0.05191160395015316,0.021285172734964386,0.018567688512369094,0.05619365826491405,0.17933697859505496,0.09971633884693991,0.021419360020719147,0.13898745618336622,0.022143371846911876,0.1560762589872777,0.08264777264620639,0.02540996816899613,0.0
43,0.1790743409707199,0.04132093259555823,0.03503813476124563,0.0015221344774035666,0.0046544654458746644,0.0062518130558219375,0.07708674363015738,0.162415128768648,0.06494100847930934,0.350786913959447,0.026570913334625527,0.04917957726535585,0.0,0.0,0.0,0.0
44,0.05061889825940695,0.053879681552297734,0.06818389521532345,0.5451416743364969,0.25734788688748705,0.0,0.0,0.0,0.0,0.0,0.0,0.0,0.0,0.0,0.0,0.0
45,0.0027548426687611935,0.0037362381209841457,0.09373095269996085,0.06659722295866001,0.07530083579088497,0.06463390008699808,0.10391375601386471,0.13111431218913058,0.032856968216048034,0.1550783065188573,0.08591534207026935,0.1843461075364473,0.0,0.0,0.0,0.0
46,0.2777921386882009,0.0144383967418102,0.3964316053439861,0.30726626043851935,0.0,0.0,0.0,0.0,0.0,0.0,0.0,0.0,0.0,0.0,0.0,0.0
47,0.12153022292179114,0.7564244942808604,0.07901387489954817,0.0,0.0,0.0,0.0,0.0,0.0,0.0,0.0,0.0,0.0,0.0,0.0,0.0
48,0.17895160086738837,0.023396241298890858,0.0215479952109889,0.07531139311551562,0.005791558833956297,0.11461455274683463,0.03582379605045108,0.14650212350770875,0.13688503315643435,0.13500611784545138,0.0034313333462798216,0.12243686670517911,0.00030135269835782845,0.0,0.0,0.0
49,0.114952175672389,0.5060931624817031,0.0,0.0,0.0,0.0,0.0,0.0,0.0,0.0,0.0,0.0,0.0,0.0,0.0,0.0
50,0.17237749016933768,0.46359739379088816,0.0,0.0,0.0,0.0,0.0,0.0,0.0,0.0,0.0,0.0,0.0,0.0,0.0,0.0
51,0.6866191044482839,0.028355513994365193,0.21482807746617133,0.0,0.0,0.0,0.0,0.0,0.0,0.0,0.0,0.0,0.0,0.0,0.0,0.0
52,0.6739016185621722,0.18922952377171698,0.11730705768160836,0.0,0.0,0.0,0.0,0.0,0.0,0.0,0.0,0.0,0.0,0.0,0.0,0.0
53,0.3156121273855111,0.09110509864921186,0.1358746938456304,0.29353823601438894,0.1394134175054601,0.0019365168139417412,0.020264776928793426,0.0,0.0,0.0,0.0,0.0,0.0,0.0,0.0,0.0
54,0.002583795565518984,0.4851005131154489,0.13028754376889234,0.12599902703884083,0.23835425483553174,0.0,0.0,0.0,0.0,0.0,0.0,0.0,0.0,0.0,0.0,0.0
55,0.3199389969989276,0.1643889130077652,0.1607662862491491,0.007791438905755919,0.11470909857346695,0.03938899192940298,0.0809261165357874,0.05773863706792219,0.021402729599738546,0.03143104234226311,0.0,0.0,0.0,0.0,0.0,0.0
56,0.2338688905761054,0.07803305055863782,0.12089624448950093,0.02244729675168052,0.03293657271998385,0.2108704736706638,0.0639986429954964,0.046166816373684985,0.004781838559887556,0.10820206839697913,0.0772794492967836,0.0,0.0,0.0,0.0,0.0
57,0.26155764432373446,0.03579725724238493,0.3735707917403001,0.061727936194288985,0.2054171887991532,0.04577838299243293,0.0,0.0,0.0,0.0,0.0,0.0,0.0,0.0,0.0,0.0
58,0.8377011869487874,0.0,0.0,0.0,0.0,0.0,0.0,0.0,0.0,0.0,0.0,0.0,0.0,0.0,0.0,0.0
59,0.04695285167559829,0.10408008901482133,0.028128272139538897,0.09749235596332044,0.03003755176505537,0.08411055921047861,0.005418630700065573,0.2718661872672088,0.2162260793590233,0.03106657031108768,0.0500585404554879,0.028509692392260734,0.005935771775164203,5.918233023457878e-05,0.0,0.0
60,0.09187777783012407,0.09722503323122011,0.18768361432371444,0.0008047652729940874,0.020692571220126826,0.11746363787761924,0.0005064324422551317,0.05765195583695244,0.08971635925222621,0.13214477931945834,0.10479488274380204,0.0994364399212823,0.0,0.0,0.0,0.0
61,0.6565054573741654,0.03439334567351611,0.26726971300986063,0.0,0.0,0.0,0.0,0.0,0.0,0.0,0.0,0.0,0.0,0.0,0.0,0.0
62,0.3389732349306848,0.10693790259741401,0.5531604231230253,0.0,0.0,0.0,0.0,0.0,0.0,0.0,0.0,0.0,0.0,0.0,0.0,0.0
63,0.6547970687837961,0.034785534467029484,0.12387548286465865,0.0,0.0,0.0,0.0,0.0,0.0,0.0,0.0,0.0,0.0,0.0,0.0,0.0
64,0.21295239978752573,0.07274746926382089,0.11801672988694495,0.015379436828607028,0.02386683302410029,0.29795624911584023,0.25799474002892253,0.0,0.0,0.0,0.0,0.0,0.0,0.0,0.0,0.0
65,0.1759934895730398,0.050823012929533694,0.004544145539498711,0.06147476012649654,0.05347523511497775,0.09034352949975612,0.07440762117126237,0.00484288161684283,0.038677194051228485,0.08342457561760597,0.020001736791113507,0.0714168706767354,0.05493930802681293,0.08963634013212513,0.044315160951388606,0.08168406488226422
66,0.25486907244135676,0.0017442129152033937,0.13313710642556406,0.4352183986105097,0.07154061280398966,0.08118769981310384,0.019879639224974807,0.0,0.0,0.0,0.0,0.0,0.0,0.0,0.0,0.0
67,0.09097826146037397,0.06556175859800531,0.13669546359932727,0.02959030710244665,0.003514410535400781,0.14142932563868355,0.1750341528682397,0.08126196966111865,0.05667181025076939,0.21924252015230883,0.0,0.0,0.0,0.0,0.0,0.0
68,0.08973153467396029,0.10311477026520732,0.10189627058984285,0.04894046973412156,0.11847553198301207,0.2161998840714611,0.021282627980282118,0.1953709509096736,0.06883647384910363,0.03608185628430728,0.0,0.0,0.0,0.0,0.0,0.0
69,0.028312813319428146,0.21260084195180445,0.15839067796470496,0.2717933902016987,0.07724256032663511,0.20790869811131563,0.04174959454254903,0.0,0.0,0.0,0.0,0.0,0.0,0.0,0.0,0.0
70,0.10584902474984854,0.3761639814738562,0.031414366156929746,0.2679243864329505,0.09768205569069613,0.023831685381345682,0.02468418241336281,0.012568128910437397,0.056960762680877866,0.0,0.0,0.0,0.0,0.0,0.0,0.0
71,0.17996351940333613,0.25762379640946065,0.05937153152370592,0.0038005417819565374,0.07877750718926883,0.021321129134853282,0.12266730332717073,0.10450301403345105,0.08880773213238138,0.004135693800875115,0.07888403453543238,0.0,0.0,0.0,0.0,0.0
72,0.26834185587097203,0.0,0.0,0.0,0.0,0.0,0.0,0.0,0.0,0.0,0.0,0.0,0.0,0.0,0.0,0.0
73,0.01345517117154949,0.07174921439004694,0.15570492177708278,0.08865635841099599,0.46431251866599066,0.18429782631118402,0.012099726876773234,0.0,0.0,0.0,0.0,0.0,0.0,0.0,0.0,0.0
74,0.04591299621156365,0.0033572980258776246,0.1487996491434379,0.18058708438963014,0.17234739476732677,0.10002517296256008,0.21599177476146833,0.06614378108991614,0.06681813572197673,0.0,0.0,0.0,0.0,0.0,0.0,0.0
75,0.3895039939069995,0.06056425868835397,0.10439397194633948,0.010287773177123986,0.26839140101461845,0.08611913018551653,0.0,0.0,0.0,0.0,0.0,0.0,0.0,0.0,0.0,0.0
76,0.0261123353981597,0.21244004206289968,0.08450137046248682,0.09623944737174353,0.0024904584744499607,0.15990062154454365,0.03748123480961206,0.37742290993439076,0.0,0.0,0.0,0.0,0.0,0.0,0.0,0.0
77,0.0386810486418704,0.12801073747557468,0.11653222958050247,0.02855053293091368,0.007546459928840391,0.06624090237706055,0.08480672287450702,0.07995229706060722,0.17956667073879704,0.10464984455192189,0.16531629515213195,0.0,0.0,0.0,0.0,0.0
78,0.24787124228007956,0.14182481952633952,0.0085858822627207,0.07058228009383133,0.005736300441904169,0.16108093827380404,0.36422583134281217,0.0,0.0,0.0,0.0,0.0,0.0,0.0,0.0,0.0
79,0.37374111542954924,0.0,0.0,0.0,0.0,0.0,0.0,0.0,0.0,0.0,0.0,0.0,0.0,0.0,0.0,0.0
80,0.20712699260972522,0.23465819041624705,0.01171066760721416,0.5301803839520735,0.0,0.0,0.0,0.0,0.0,0.0,0.0,0.0,0.0,0.0,0.0,0.0
81,0.3071192898875733,0.0339663217587397,0.19102734972910232,0.055162173253514094,0.2604849240610596,0.1520556952272273,0.0,0.0,0.0,0.0,0.0,0.0,0.0,0.0,0.0,0.0
82,0.4404823874013578,0.19644657293683668,0.11906322250640324,0.20434823831560514,0.006372106458092603,0.026519232578188386,0.0,0.0,0.0,0.0,0.0,0.0,0.0,0.0,0.0,0.0
83,0.015846603746465168,0.019189205676835703,0.05081990695628681,0.009346377949932842,0.14625022299063126,0.16602557175690766,0.08635167584318224,0.00039536827384036965,0.013964930603596852,0.1222663561360493,0.16000455408892605,0.036798076040064735,0.08921966902119821,0.08352120136302878,0.0,0.0
84,0.15208642459039115,0.04812766079850042,0.09818551617911389,0.10725935661857391,0.03816007124596641,0.21182338959906188,0.01386635236910775,0.029049016763421046,0.04934355957799628,0.027912055538900964,0.031548162635867794,0.07475199030834487,0.1119430146271727,0.005753996214466083,0.0,0.0
85,0.08459666266888462,0.10622914291409812,0.36892238910153985,0.4374181482341787,0.0,0.0,0.0,0.0,0.0,0.0,0.0,0.0,0.0,0.0,0.0,0.0
86,0.10651238289078374,0.15621710786537818,0.451705368793579,0.07660630044922818,0.18141489668803334,0.02726079839856151,0.0,0.0,0.0,0.0,0.0,0.0,0.0,0.0,0.0,0.0
87,0.05261569058454374,0.1131054890400194,0.01798037717954281,0.053480740823369684,0.04626464784154053,0.0009312484463069361,0.012919603940030954,0.08247125468369863,0.09446407076421434,0.03600764704103576,0.13825270128809872,0.10966902893145133,0.08935091293984565,0.05701389433535271,0.04077778073353295,0.05469426191708366
88,0.17719745225143949,0.006488760983651891,0.13604348590110107,0.031304756702997885,0.006382976263866021,0.10227800323338217,0.002001410661869962,0.005799157941476371,0.32235199209701093,0.2101210000975858,0.0,0.0,0.0,0.0,0.0,0.0
89,0.00995074285098432,0.07494632348961483,0.026128234424773647,0.15046176533199468,0.003079755207381644,0.029181824120220697,0.05467594310058936,0.006243100256597928,0.1563649697632824,0.016362484668369082,0.1462211741389878,0.07332804890369865,0.1388463665016681,0.11413708823703393,0.0,0.0
90,0.24994010554617116,0.09652225116699849,0.3389809473806149,0.1393810546418081,0.03518866593809314,0.13924565960170965,0.0,0.0,0.0,0.0,0.0,0.0,0.0,0.0,0.0,0.0
91,0.17740698570343705,0.0,0.0,0.0,0.0,0.0,0.0,0.0,0.0,0.0,0.0,0.0,0.0,0.0,0.0,0.0
92,0.003993194718612467,0.5457554650903012,0.26504853571334597,0.03519861958408504,0.1308436250920039,0.0135908391642809,0.004792226081809159,0.0,0.0,0.0,0.0,0.0,0.0,0.0,0.0,0.0
93,0.774472455922779,0.0,0.0,0.0,0.0,0.0,0.0,0.0,0.0,0.0,0.0,0.0,0.0,0.0,0.0,0.0
94,0.052836734394910025,0.02589409098478615,0.49805218993439926,0.3617999433344963,0.029281948703366555,0.0317724562113306,0.0,0.0,0.0,0.0,0.0,0.0,0.0,0.0,0.0,0.0
95,0.08118344128361386,0.06555429140937301,0.01937143317521408,0.1256481368132975,0.09403141279753668,0.09356786198835257,0.1423513709061953,0.006288615071822585,0.0759852512550758,0.04716567813831786,0.023290119888875423,0.09819125140312039,0.1273508076244035,0.0,0.0,0.0
96,0.020106765437680616,0.029971274233579148,0.07873725245807854,0.03131330110697709,0.02477852194407778,0.0011289252994742037,0.008173807098304378,0.1395504314184672,0.04738264374279799,0.043513656284678556,0.3254142109334306,0.17154679792220662,0.033973193355754806,0.04440814716983411,0.0,0.0
97,0.10252928740853962,0.0,0.0,0.0,0.0,0.0,0.0,0.0,0.0,0.0,0.0,0.0,0.0,0.0,0.0,0.0
98,0.5939707163902764,0.09616379482716757,0.14078871211828345,0.12885631195723665,0.0,0.0,0.0,0.0,0.0,0.0,0.0,0.0,0.0,0.0,0.0,0.0
99,0.0347674228097479,0.22354107307364796,0.12871266639323314,0.18251457037971425,0.04831763217734375,0.07004009534005318,0.2539138061847367,0.05815951935965797,0.0,0.0,0.0,0.0,0.0,0.0,0.0,0.0
100,0.06569872710104627,0.054025753173801754,0.07445899983388395,0.017054287836033126,0.1632916738310321,0.04790631393343046,0.02281771817333244,0.00230988012032085,0.16549374633378028,0.009843662727025589,0.17107152500628764,0.085924124340416,0.12009406979317679,0.0,0.0,0.0
101,0.03744332205557811,0.3522160521820899,0.018773496390365376,0.00300940260166769,0.013919885820847801,0.055191295553139286,0.08109826068680387,0.004462563500105951,0.09891267770621402,0.10360542568299401,0.1991031904347848,0.032230181502158936,0.0,0.0,0.0,0.0
102,0.06358588099559703,0.1770474693284766,0.28794761126948776,0.11577585139205007,0.268088114894408,0.06953618678111362,0.003082632989402421,0.012445628480606988,0.0,0.0,0.0,0.0,0.0,0.0,0.0,0.0
103,0.003633110030489795,0.09934762067652053,0.1568647616722647,0.04041240776914155,0.1940061943878024,0.23717754594157525,0.128859529659066,0.1379229178517949,0.0,0.0,0.0,0.0,0.0,0.0,0.0,0.0
104,0.2552836639756612,0.004954702493420836,0.07810890135650783,0.019041891237225925,0.003565886324978856,0.026908309273058994,0.0010918149259089246,0.12769450381308423,0.07232024521773535,0.25908777781846914,0.036241777933131436,0.0541125850737887,0.06158560462233356,0.0,0.0,0.0
105,0.10176761786821378,0.24663019067615707,0.5152655204406945,0.014065637227907664,0.10221202262517701,0.0,0.0,0.0,0.0,0.0,0.0,0.0,0.0,0.0,0.0,0.0
106,0.3864050874091921,0.0,0.0,0.0,0.0,0.0,0.0,0.0,0.0,0.0,0.0,0.0,0.0,0.0,0.0,0.0
107,0.04116989643848889,0.15985579320700735,0.1462033413898413,0.5585164904477578,0.0,0.0,0.0,0.0,0.0,0.0,0.0,0.0,0.0,0.0,0.0,0.0
108,0.2815254706329763,0.01833402238753066,0.004821987748712128,0.13372658075153285,0.023037271244705868,0.3231302670116436,0.21514501296124944,0.0,0.0,0.0,0.0,0.0,0.0,0.0,0.0,0.0
109,0.678728573118622,0.0,0.0,0.0,0.0,0.0,0.0,0.0,0.0,0.0,0.0,0.0,0.0,0.0,0.0,0.0
110,0.10146985596744369,0.4434980875804846,0.23956024490781494,0.13783017140362053,0.0,0.0,0.0,0.0,0.0,0.0,0.0,0.0,0.0,0.0,0.0,0.0
111,0.12448351495609251,0.1559719900341952,0.25132517453409664,0.0726440813622609,0.0,0.0,0.0,0.0,0.0,0.0,0.0,0.0,0.0,0.0,0.0,0.0
112,0.32861846287291147,0.04696852326134264,0.024635961962072107,0.3859597469099382,0.2116751703657705,0.0,0.0,0.0,0.0,0.0,0.0,0.0,0.0,0.0,0.0,0.0
113,0.19029640450616175,0.1533364256616924,0.5156625379910919,0.006876915206417742,0.1337759896795211,0.0,0.0,0.0,0.0,0.0,0.0,0.0,0.0,0.0,0.0,0.0
114,0.13908968419406664,0.0,0.0,0.0,0.0,0.0,0.0,0.0,0.0,0.0,0.0,0.0,0.0,0.0,0.0,0.0
115,0.0697246343078562,0.001235299050285099,0.1344553904975309,0.12975586931091626,0.11731955649468731,0.09062063279186428,0.16984812657715087,0.05911685825536689,0.045028271945546386,0.09812240905213715,0.08475897804372334,0.0,0.0,0.0,0.0,0.0
116,0.05352967140335805,0.19627777601528706,0.1272497248568349,0.036760348018525776,0.33868592186557994,0.1635487950227102,0.05689629092122704,0.0267172489272401,0.0,0.0,0.0,0.0,0.0,0.0,0.0,0.0
117,0.17318662264595797,0.008307870477724019,0.009308916277992536,0.006371768070904104,0.21972688732079976,0.17183232061565812,0.0835949946737847,0.018067931894886872,0.10990527090208377,0.049562540059904556,0.07964034375310697,0.05478326125792507,0.015700794754903886,0.0,0.0,0.0
118,0.31149449900459614,0.12689914849865971,0.00736672535892924,0.19210980752537127,0.009682416836334935,0.34815155545020626,0.0,0.0,0.0,0.0,0.0,0.0,0.0,0.0,0.0,0.0
119,0.3019128101161728,0.21701049000608957,0.06908039832687157,0.02920917335957331,0.03698575476937994,0.01999632439197234,0.026536655522482338,0.178315618487601,0.05192414364804237,0.004033914727768236,0.06498852486725172,0.0,0.0,0.0,0.0,0.0
120,0.2491359461124466,0.1671870543420071,0.18153789847189822,0.22297153458498964,0.14591519023923516,0.033242579682156985,0.0,0.0,0.0,0.0,0.0,0.0,0.0,0.0,0.0,0.0
121,0.1885036217303038,0.08625167983528939,0.04856280947042446,0.09727929327201927,0.0003114033372553789,0.07648759897017887,0.0009072948457620242,0.18316596823516668,0.060948830370282064,0.0231560458023538,0.23302713067681466,0.0,0.0,0.0,0.0,0.0
122,0.13886544361062514,0.11152059573640621,0.024896505131521106,0.2845982008779212,0.19749001317728726,0.04091322845658239,0.0036364834340811836,0.010520746202531864,0.06354296806455617,0.07369389232183898,0.05031599062289409,0.0,0.0,0.0,0.0,0.0
123,0.1827657878226657,0.11382810296647318,0.14479065133864388,0.005709198106430794,0.018740646564900036,0.001769724264383312,0.18513124738915984,0.007916683251055875,0.02225222031728756,0.08257156572018175,0.03013171562667272,0.02053768650399684,0.09563832829445226,0.045677603960911,0.04253872852288662,0.0
124,0.4519202251718758,0.07791849107335223,0.11675652780500595,0.10922457445905179,0.0,0.0,0.0,0.0,0.0,0.0,0.0,0.0,0.0,0.0,0.0,0.0
125,0.08776725420009968,0.006081788621943424,0.10252823315126103,0.01623020780260256,0.09297038418809811,0.04236748136369014,0.03367688312592936,0.04848563391843241,0.0650596425905753,0.10268739407280911,0.07405251078015769,0.03069584997453342,0.05520325876317147,0.13331171958508498,0.10880454632263298,7.704721488618515e-05
126,0.001468784292663118,0.003964032815490383,0.02326858650281228,0.13815822301337516,0.009808810908375605,0.00942830168860986,0.0940170723424763,0.09194288499749895,0.06406957153029035,0.0012791681910948023,0.08540599674186322,0.04059119316503916,0.1606751985209182,0.12233228280332945,0.036357158882541034,0.11723259354385088
127,0.1643943536288147,0.14760480749958949,0.3372644189179911,0.009855747080194835,0.019469467291287502,0.16676648880311987,0.14975165850332955,0.0,0.0,0.0,0.0,0.0,0.0,0.0,0.0,0.0
128,0.03027175053196153,0.16406942624383142,0.1425852481426531,0.09586457897897245,0.15992058066407186,0.143395799582688,0.025672818114980747,0.007061479255285564,0.019216452170579757,0.09734934533725696,0.11453342091457816,0.0,0.0,0.0,0.0,0.0
129,0.005777085151113985,0.5561778605278659,0.25256753886659006,0.0,0.0,0.0,0.0,0.0,0.0,0.0,0.0,0.0,0.0,0.0,0.0,0.0
130,0.03578956226673803,0.015502992916040436,0.2185884902440532,0.05756729421669312,0.038773171289084175,0.08384582628516603,0.0986677387941157,0.009072640820371968,0.010816779049651509,0.12766737519782834,0.04747146023964535,0.2562293397719376,0.0,0.0,0.0,0.0
131,0.3551150186831517,0.003545135398455666,0.06939378401136553,0.09885734987651003,0.4616766562098571,0.0,0.0,0.0,0.0,0.0,0.0,0.0,0.0,0.0,0.0,0.0
132,0.11072782520165007,0.03176026198172247,0.07399852291301542,0.04271408774598798,0.04555142402267898,0.12680251272236331,0.026137882280222687,0.09613548245754525,0.23505501415903557,0.005961051113243637,0.056027769448858206,0.002500085225178124,0.11505142316513979,0.0315762870898834,0.0,0.0
133,0.195810492787987,0.045387125590982874,0.16458489677304722,0.052216617428817086,0.07804290476160419,0.13023786539500593,0.15564335651024547,0.1748850451838824,0.0031913842296304824,0.0,0.0,0.0,0.0,0.0,0.0,0.0
134,0.012919104737885977,0.13116476776739297,0.13576186586490402,0.0027427281996060954,0.0019003742619721777,0.10520250198763068,0.0634114695326769,0.10038798048466627,0.018565878426298935,0.202384874243639,0.02900690659331462,0.01603878589400753,0.05932195990045609,0.08145796863822863,0.03058786397274519,0.009144826136658157
135,3.392039954206171e-05,0.17968566202676386,0.01373376976325791,0.03521470367787882,0.004372277720053011,0.01212287732799861,0.03436506173215147,0.18282773898696814,0.0022588953890904638,0.08521039513525845,0.06421795071447946,0.18599840895854716,0.0058679894160145515,0.10134939809461958,0.09272772444264932,0.0
136,0.20208793028127375,0.1700356069520521,0.017162692966763798,0.12765750757072383,0.18569455589112016,0.12419887175355905,0.173062586625909,0.0,0.0,0.0,0.0,0.0,0.0,0.0,0.0,0.0
137,0.23946627547378085,0.0,0.0,0.0,0.0,0.0,0.0,0.0,0.0,0.0,0.0,0.0,0.0,0.0,0.0,0.0
138,0.09524628931592992,0.013914022896840919,0.49535845400051776,0.0018156758282983202,0.3210053860277912,0.054937448823285794,0.0,0.0,0.0,0.0,0.0,0.0,0.0,0.0,0.0,0.0
139,0.07602306999883648,0.003229589693036947,0.023314730471325464,0.055414381979866666,0.08484023888775781,0.07350709599417528,0.13767621346137168,0.08047178970493182,0.04253829385058903,0.004378954081589226,0.027596085456619762,0.050416057830464836,0.13205025516242994,0.17359902077378225,0.0349412691581493,0.0
140,0.05838785949598192,0.0009987775815461669,0.2493668101448269,0.024275562005730784,0.014570121363884218,0.1453972075562205,0.1334494874726308,0.006262646093227556,0.06938800442787428,0.14225181470962764,0.15560785969912286,0.0,0.0,0.0,0.0,0.0
141,0.6788684768532611,0.0,0.0,0.0,0.0,0.0,0.0,0.0,0.0,0.0,0.0,0.0,0.0,0.0,0.0,0.0
142,0.1484271780242422,0.2117320194594274,0.011271092294573667,0.001785771752921093,0.06620595875094709,0.031296922302367705,0.055329996355582944,0.0704805277496251,0.029882138820782136,0.04936552655029605,0.2440775329198947,0.03926453238149142,0.011718844179281884,0.017233044308749924,0.011909252444240025,0.0
143,0.11463555667790916,0.11447970034000352,0.12077812330026959,0.1225157815409475,0.0824166435495465,0.11125437396869903,0.024224149671353848,0.04917928210522006,0.07320284625175263,0.025274942518670632,0.16189902654935118,0.0,0.0,0.0,0.0,0.0
144,0.10117318886007495,0.2181692614048691,0.09347287754893714,0.004121731884354251,0.07760094451525078,0.27885242220263035,0.1959503308963615,0.030441376948201364,0.0,0.0,0.0,0.0,0.0,0.0,0.0,0.0
145,0.1290721483117894,0.18661925428673581,0.3419114109838283,0.24080723358742287,0.09633200464842653,0.0,0.0,0.0,0.0,0.0,0.0,0.0,0.0,0.0,0.0,0.0
146,0.04392458155993814,0.1763026687312676,0.05434284556452998,0.0576895888189852,0.0815768129233635,0.06114647221572812,0.10363713916508864,0.003390923510372071,0.06238431704724248,0.019511646761163827,0.1634164208968669,0.1726765769030219,0.0,0.0,0.0,0.0
147,0.10381251104836321,0.035454873310920926,0.16751354332519955,0.03886027494852623,0.14861207647575136,0.061507654744789586,0.12984753126675952,0.027575616583389955,0.0272831181966834,0.16292007977970907,0.027238091302945043,0.06937458680046543,0.0,0.0,0.0,0.0
148,0.0018381676583731047,0.0327150919911321,0.005214494076468007,0.08442882135481779,0.22111448857536045,0.05975373405551696,0.09783616419449333,0.06758596474209692,0.05988830862525186,0.0015080285373011862,0.13789837659943904,0.09279360355902781,0.13685793536261814,0.0005516862433786053,0.0,0.0
149,0.04908270639730565,0.010404542531878218,0.16159778901535995,0.14433441513280784,0.09977184694153388,0.004262361681960479,0.009935521516063457,0.008538114577441991,0.0260087805777202,0.038799008448877875,0.4472554965648716,0.0,0.0,0.0,0.0,0.0
150,0.4133063142452664,0.14429582353996673,0.04748152503576463,0.1713361295048247,0.12331663775996647,0.0,0.0,0.0,0.0,0.0,0.0,0.0,0.0,0.0,0.0,0.0
151,0.8386136608045446,0.0,0.0,0.0,0.0,0.0,0.0,0.0,0.0,0.0,0.0,0.0,0.0,0.0,0.0,0.0
152,0.442688647216723,0.10684457224508168,0.35857935959053966,0.04714701189244253,0.0,0.0,0.0,0.0,0.0,0.0,0.0,0.0,0.0,0.0,0.0,0.0
153,0.08541791101141813,0.08531198246158253,0.3531071696434658,0.007784179226324472,0.012707771905449408,0.11562935350056593,0.09062545261299876,0.0018551960670186744,0.07151746407449809,0.036033588507152076,0.13975930181170432,0.0,0.0,0.0,0.0,0.0
154,0.03219730374563909,0.04977599990892474,0.045588971011807054,0.04514079000894082,0.10762807042230446,0.239191996534098,0.09788131134170236,0.02438104486847703,0.12027776863153564,0.08393269727814043,0.017783535240973578,0.13612998342505467,0.0,0.0,0.0,0.0
155,0.16021761601137063,0.42151888564791296,0.06726286109123059,0.0,0.0,0.0,0.0,0.0,0.0,0.0,0.0,0.0,0.0,0.0,0.0,0.0
156,0.17772770574585595,0.1365407248850432,0.18455934123517848,0.09905071028150397,0.022283933263678276,0.07215868853456925,0.19870334038868667,0.0246216997795694,0.08424019202176061,0.0,0.0,0.0,0.0,0.0,0.0,0.0
157,0.007207645143749397,0.039945700693514906,0.04161599837490169,0.09083085160520846,0.049724168058809526,0.13931884503352784,0.2066239784134781,0.08356677719850404,0.021874662240247242,0.0025587431576793674,0.03824019802484882,0.0741729971184465,0.06576498727383862,0.05549964327595403,0.08305462497652447,0.0
158,0.16418156608225384,0.10326767705277595,0.0061149178600075245,0.11381916368561731,0.046913655548747366,0.0013673431985188561,0.09044718751699679,0.09644661212757225,0.036119246950765294,0.02852051913070236,0.033238082107180406,0.061916979344276625,0.005462711659600557,0.20231334721876035,0.0012850363857219611,0.008585947989609878
159,0.08145616077374838,0.03536407867300098,0.2988364256149797,0.027388978379272365,0.09693534375750236,0.012360395049843261,0.005004899828162192,0.44159986944848145,0.0,0.0,0.0,0.0,0.0,0.0,0.0,0.0
160,0.026892521171550807,0.09905448504431344,0.021028586506055262,0.09669123307730057,0.04150653618594746,0.22033930387038414,0.28318215090245646,0.029384518546180412,0.025415276544815568,0.046920067191147864,0.10904081594052678,0.0,0.0,0.0,0.0,0.0
161,0.23075364707146495,0.1874255829609104,0.04257736277437628,0.007025091885308718,0.1703507064896112,0.034781175856452205,0.12635993909166862,0.18398143972042552,0.012892454167639443,0.0,0.0,0.0,0.0,0.0,0.0,0.0
162,0.18473083600817303,0.13006513528385283,0.1748717153420472,0.21639676632520996,0.05455805958561502,0.029883499821746654,0.20271361550733036,0.0,0.0,0.0,0.0,0.0,0.0,0.0,0.0,0.0
163,0.3400037271361105,0.4473558365490548,0.08696433261175622,0.0,0.0,0.0,0.0,0.0,0.0,0.0,0.0,0.0,0.0,0.0,0.0,0.0
164,0.15835256918300689,0.0,0.0,0.0,0.0,0.0,0.0,0.0,0.0,0.0,0.0,0.0,0.0,0.0,0.0,0.0
165,0.14116495245894206,0.06249411728137454,0.017760574662959227,0.06441332256402185,0.19451199101727693,0.06980410135450908,0.10869376945894296,0.12045733567295178,0.10230781822962023,0.016763055790017613,0.00310050897159988,0.003871251736224875,0.04355927229468519,0.05109716025508471,0.0,0.0
166,0.26101049380256747,0.720972952725881,0.0,0.0,0.0,0.0,0.0,0.0,0.0,0.0,0.0,0.0,0.0,0.0,0.0,0.0
167,0.05285991222151054,0.024802761558574703,0.08727563462692296,0.1211638680816747,0.06662748982258875,0.03819344917719495,0.14428253465719015,0.0038655875791268907,0.06515623002318512,0.011020110754925178,0.1637344823788042,0.0477188866863958,0.04328378892829052,0.06096233462831502,0.06905121128290559,0.0
168,0.009564704277973148,0.20644229598142558,0.03402503171302638,0.34353924843417344,0.0018418818451480636,0.2608038832639676,0.14086768523106083,0.0,0.0,0.0,0.0,0.0,0.0,0.0,0.0,0.0
169,0.01412937489261412,0.06565586773900009,0.08052253445865694,0.057106348422711756,0.09760483455833659,0.05104888990547092,0.09784965392803398,0.1641125045977149,0.00030125068467379485,0.057352754499182305,0.002918965129280762,0.3112301707729304,0.0,0.0,0.0,0.0
170,0.18336399219646524,0.06607139328152198,0.18133180696932333,0.07000794211912154,0.06170174563101841,0.01487964848876571,0.027723039274622018,0.013653044911192515,0.058816807895352444,0.1339424471440275,0.05259486639616223,0.13441705571502674,0.0,0.0,0.0,0.0
171,0.28847245179410286,0.017659376213633084,0.060948499948269105,0.1790548189293382,0.2522651647751446,0.14660823545594057,0.0549633149781652,0.0,0.0,0.0,0.0,0.0,0.0,0.0,0.0,0.0
172,0.020852918349452024,0.03999821958180773,0.14835707587184355,0.004052715725389517,0.07342582828888541,0.0874148552613532,0.04519468201849146,0.011828686746357609,0.002810036837683215,0.21708601270005506,0.012505078891941766,0.16872609952222392,0.0041214370505525955,0.006637614105277869,0.00044701879796672187,0.1565389723743514
173,0.21923106426726302,0.01679442867421294,0.04654019649081179,0.15132566555582175,0.06357501655884769,0.12211575038182668,0.04050856245452762,0.0060760185430926384,0.043062811479299044,0.27055563132024746,0.020211674337001297,0.0,0.0,0.0,0.0,0.0
174,0.000545353027419494,0.0019776658110222363,0.09231616620064471,0.18185542041918137,0.02865358152505384,0.042324738882770746,0.13500348781227625,0.04816106949559222,0.20450970570632346,0.06174899678563168,0.0806247547677121,0.09459778344894375,0.027274808149079573,0.0,0.0,0.0
175,0.10004944189019124,0.32287382075628657,0.04265608014947487,0.11304716748329592,0.056048469177101795,0.04037578036713568,0.11142763347230107,0.20552400370990992,0.004977699575197416,0.0,0.0,0.0,0.0,0.0,0.0,0.0
176,0.011770053235249907,0.06183585188928549,0.0589592160383315,0.017707677609290505,0.13890217528671128,0.008856372511847432,0.013886044802741295,0.17070245089034583,0.14777945205366821,0.004137358456456809,0.04554753771905079,0.004561977607812432,0.015269786476253204,0.3000827176127221,0.0,0.0
177,0.01606811161831686,0.15695594640377875,0.09395332299581377,0.39598000113120413,0.038078270938484295,0.14776966778322032,0.07141659922560606,0.07974753321149974,0.0,0.0,0.0,0.0,0.0,0.0,0.0,0.0
178,0.020772859978625727,0.16604909277705643,0.13006392932002128,0.00629455227568093,0.03308903947528664,0.02970316049899391,0.13208763460436004,0.022213501637953534,0.046111137753278894,0.2432343685733095,0.00794732019330706,0.16241508532535243,0.0,0.0,0.0,0.0
179,0.3144596458672812,0.013290124101059207,0.06703054814453004,0.09012465482325449,0.5133472939249126,0.0,0.0,0.0,0.0,0.0,0.0,0.0,0.0,0.0,0.0,0.0
180,0.10306533548980411,0.059722648542563414,0.1328210352779914,0.07344014735409946,0.18307937489394654,0.26779916579885144,0.18005850040959678,0.0,0.0,0.0,0.0,0.0,0.0,0.0,0.0,0.0
181,0.04333012549444317,0.22089567414213293,0.20439159683375333,0.08133783139149352,0.06904173533344811,0.0715973933094725,0.04007683813730835,0.009633910916577086,0.004587940573711425,0.20085688831037707,0.05424903238321575,0.0,0.0,0.0,0.0,0.0
182,0.12075997288246759,0.03653381338557687,0.15024638071357896,0.06280614170973789,0.2096524417227908,0.10897307094337733,0.09636831084291117,0.09685673565161246,0.034969653271049214,0.03632681299997842,0.04650665522385006,0.0,0.0,0.0,0.0,0.0
183,0.048130047861587,0.1859655974130234,0.30634690202432147,0.08439346347137751,0.1357806689378469,0.02978848536909593,0.180057761806102,0.025653557580072296,0.0,0.0,0.0,0.0,0.0,0.0,0.0,0.0
184,0.5865490731167928,0.17288090057498418,0.23602304417540382,0.0,0.0,0.0,0.0,0.0,0.0,0.0,0.0,0.0,0.0,0.0,0.0,0.0
185,0.025186481671994037,0.12527825882526233,0.15523017710728657,0.042856817427707965,0.011319836129789474,0.14104194679612586,0.07820500775982013,0.10774224632082535,0.08821758497007307,0.09503609052162389,0.06982525827995333,0.06005840383564088,0.0,0.0,0.0,0.0
186,0.046090986586863614,0.061654673971813095,0.13564981632883916,0.004997636920080883,0.01733781510465529,0.15046611750301753,0.06688325126630615,0.07450297158090224,0.08020430249763764,0.05848391517330055,0.04841051810207256,0.0015232918272772198,0.15134503353546844,0.05429524819350043,0.04814029860502619,0.0
187,0.4568936738743004,0.3362990756018479,0.06079370534903475,0.0,0.0,0.0,0.0,0.0,0.0,0.0,0.0,0.0,0.0,0.0,0.0,0.0
188,0.17072754547768595,0.23753039548803392,0.3812039434576537,0.17086940063998357,0.0,0.0,0.0,0.0,0.0,0.0,0.0,0.0,0.0,0.0,0.0,0.0
189,0.07564355340876551,0.24142147869794173,0.09974917329507907,0.0798443802044074,0.019080499519270155,0.026817627922545634,0.10534744734374787,0.0928344602676334,0.1245984678954041,0.05165899227731685,0.08299591320378819,0.0,0.0,0.0,0.0,0.0
190,0.8511466148980927,0.0,0.0,0.0,0.0,0.0,0.0,0.0,0.0,0.0,0.0,0.0,0.0,0.0,0.0,0.0
191,0.25875834519773244,0.09560196857558503,0.38271273151174423,0.0,0.0,0.0,0.0,0.0,0.0,0.0,0.0,0.0,0.0,0.0,0.0,0.0
192,0.02473233118190154,0.11540795829890928,0.09092761553342943,0.03487346826854912,0.018239838084316805,0.0097437293667787,0.1314121357980853,0.1576618230348119,0.06296730948062816,0.042054298248703166,0.10911577827452482,0.0627766759647598,0.13157384143261594,0.008503498784034369,0.0,0.0
193,0.1660167554757562,0.3182176079182558,0.19772586712153345,0.004656919350524404,0.06599527119244272,0.04004001898529183,0.001672521731813598,0.2034919578863872,0.0,0.0,0.0,0.0,0.0,0.0,0.0,0.0
194,0.3950063723542919,0.13286627991104827,0.12830694627284847,0.06142397367570171,0.27881145761838827,0.0,0.0,0.0,0.0,0.0,0.0,0.0,0.0,0.0,0.0,0.0
195,0.2792359897993406,0.0,0.0,0.0,0.0,0.0,0.0,0.0,0.0,0.0,0.0,0.0,0.0,0.0,0.0,0.0
196,0.000294346365241522,0.02839472745038587,0.24340136661250128,0.07678902997266387,0.021505847512248887,0.18487726241965755,0.0979763299521948,0.09842659925578606,0.1402669539397156,0.10805290261818755,0.0,0.0,0.0,0.0,0.0,0.0
197,0.31410773478790843,0.039974018246037996,0.2628159207432187,0.0,0.0,0.0,0.0,0.0,0.0,0.0,0.0,0.0,0.0,0.0,0.0,0.0
198,0.07073466858366477,0.10461734698837755,0.12396338091377465,0.21203345269738078,0.0010162990765969085,0.012540513870087406,0.2581784622295281,0.07687348280515235,0.00037376470501549055,0.0013005800404740503,0.13836673674322542,0.0,0.0,0.0,0.0,0.0
199,0.030454991790393772,0.2730434044333378,0.057621795979649365,0.15906977440958994,0.12517139795164428,0.24231285250993928,0.10919473170067573,0.0,0.0,0.0,0.0,0.0,0.0,0.0,0.0,0.0
